0	0	2496
1	0	2524
2	0	2680
3	0	2680
4	0	2632
5	0	2648
6	0	2648
7	0	2648
8	0	2648
9	0	2648
10	0	2648
11	0	2648
12	0	2648
13	0	2564
14	0	2612
15	0	2728
16	0	2728
17	0	2624
18	0	2608
19	0	2624
20	0	2648
21	0	2780
22	0	2780
23	0	2692
24	0	2692
25	0	2756
26	0	2756
27	0	2692
28	0	2692
29	0	2756
30	0	2756
31	0	2720
32	0	2720
33	0	2788
34	0	2788
35	0	2692
36	0	2692
37	0	2756
38	0	2756
39	0	2692
40	0	2692
41	0	2756
42	0	2756
43	0	2720
44	0	2720
45	0	2788
46	0	2788
47	0	2760
48	0	2788
49	0	2696
50	0	2696
51	0	2728
52	0	2496
53	2	2496
